id,pos_x,pos_y
1,13.017548,5.7825914
1,12.08777,5.751949
1,11.746306,5.7298146
1,11.175158,5.8362471
1,10.43429,5.8732028
1,10.050254,6.1714868
1,9.5712958,6.2373547
1,9.0840742,6.2638361
1,8.5527509,6.3740273
1,8.0978874,6.4810373
1,7.6353672,6.5483408
1,7.1670909,6.616482
1,6.7341728,6.6414608
1,6.3426199,6.7058853
1,5.9914678,6.7683596
1,5.5973695,6.9181861
1,5.2394674,6.9822277
1,5.0151027,7.0384316
1,4.7975924,7.2222416
1,4.5440437,7.5798647
1,4.4518792,7.5861562
1,4.2007556,7.3032409
1,4.028679,7.5291772
1,3.9057366,7.7953196
1,3.5769474,7.8184934
1,3.251375,7.9280421
1,2.8241379,8.0021495
1,2.3404976,8.0370413
1,1.8442766,7.9847018
1,1.4378777,7.8806043
1,0.96966081,7.6899556
1,0.53920574,7.4040991
1,0.10702721,7.1597281
1,-0.32291725,7.003088
1,-0.67941405,6.5193733
1,-1.1268673,6.2651511
1,-1.5219591,6.0516812
2,12.270674,6.6684218
2,11.936317,6.7666356
2,11.448074,6.9144075
2,10.825832,6.798273
2,10.394153,6.786098
2,9.8409209,6.8605842
2,9.3564735,6.8511706
2,8.9453791,6.7963376
2,8.4108856,6.8698696
2,7.9486303,6.8577346
2,7.435487,6.8070093
2,6.9627463,6.8356025
2,6.5785424,6.9837562
2,6.1391536,7.0110658
2,5.741793,7.0778462
2,5.385417,7.1424653
2,5.0606082,7.0356285
2,4.8728741,6.9620065
2,4.6003525,7.0212397
2,4.4592268,6.9870255
2,4.1372352,7.0495087
2,3.7568731,6.9862765
2,3.4230498,6.9628546
2,3.0801567,6.8522932
2,2.804071,7.0433753
2,2.2372009,7.2976183
2,1.7814508,7.1489883
2,1.3199598,6.9984861
2,0.85964785,6.9355146
2,0.24331514,6.9254785
2,-0.28205243,6.8640773
2,-0.72056898,6.6591565
3,12.162877,5.7482446
3,11.674685,5.8503267
3,11.101028,5.9185702
3,10.514675,5.9088386
3,9.9981774,5.8949568
3,9.4390143,6.003333
3,8.9085378,6.0303873
3,8.4098439,6.0150082
3,7.8660929,6.0835521
3,7.4000778,6.1486856
3,6.8367453,6.1360488
3,6.355268,6.1606042
3,5.8700391,6.227573
3,5.3708128,6.1682997
3,4.9562546,6.1036912
3,4.4499123,6.1286651
3,3.8956212,6.2427097
3,3.4168347,6.1796188
3,3.0853434,6.2397802
3,2.7089501,6.3905557
3,2.3652557,6.364095
3,2.0119063,6.248913
3,1.6584669,6.1770923
3,1.2548633,6.151678
3,0.89782076,6.1236082
3,0.4790554,6.0073123
3,0.4790554,6.0073123
3,-0.19695489,5.9922656
3,-0.46998389,5.8667631
3,-0.75280097,5.6483693
4,12.809834,5.0625483
4,12.434871,4.9611726
4,11.979941,4.8613566
4,11.592244,4.6789364
4,11.202802,4.5733219
4,10.731916,4.5086338
4,10.250996,4.3628031
4,9.7262242,4.2968015
4,9.2305753,4.1471958
4,8.6859187,3.9963041
4,8.0922227,3.8853292
4,7.5268806,3.6878981
4,7.0003192,3.5708906
4,6.4980113,3.2387259
4,5.8680364,3.1603871
4,5.2648856,2.9501989
4,4.6512446,2.7363551
4,4.0856918,2.6952064
4,3.6670676,2.8302069
4,2.9287631,2.6110303
4,2.4753376,2.4322782
4,1.7626818,2.2054314
4,1.2401766,1.9750675
4,0.82029767,1.8346148
4,0.28415438,1.5985637
4,-0.35812648,1.4518583
4,-0.70869114,1.0702393
4,-1.3844306,0.72587986
4,-1.674122,0.52848254
4,-2.2562569,0.1774096
4,-2.58775,-0.4150006
5,12.514796,6.1926909
5,11.725824,6.1980229
5,11.448739,5.9399405
5,11.10259,5.9577876
5,10.674839,5.9798421
5,10.28654,6.1190626
5,10.093499,6.2487734
5,9.7705818,6.1865314
5,9.6464245,6.1130583
5,9.3191585,6.0497397
5,8.8654555,5.9920267
5,8.4454159,5.8907748
5,7.8383069,5.5494485
5,7.3215107,5.4889206
5,6.8819729,5.3821422
5,6.4344462,5.2319639
5,5.9438924,5.2085076
5,5.5345887,5.1387629
5,5.0722459,5.0269877
5,4.6881546,4.7812083
5,4.2641648,4.7077282
5,3.8323265,4.5896934
5,3.3983033,4.5142219
5,2.9560753,4.3936083
5,2.5574077,4.2703244
5,2.1576283,4.1904679
5,1.7035988,4.1108713
5,1.2337198,3.8942276
5,0.86714436,3.7643299
5,0.39358955,3.6347995
5,0.011205157,3.4097161
5,-0.37147825,3.228715
5,-0.76207338,2.9990379
6,12.093503,6.9491148
6,11.677707,6.9380927
6,11.256787,6.9269347
6,10.830646,6.9156383
6,10.433467,6.7836326
6,10.074596,6.7267811
6,9.6663374,6.5522283
6,9.3397096,6.4911244
6,9.006079,6.3488821
6,8.6729785,6.28618
6,8.2112039,6.2295435
6,7.7835489,6.1289142
6,7.3505405,6.0270252
6,6.8732599,6.0091402
6,6.4288714,5.9051721
6,5.978812,5.7998772
6,5.4830124,5.7801208
6,5.0692403,5.7133218
6,4.6017793,5.6047765
6,4.1367541,5.6245858
6,3.7577338,5.5971544
6,3.3180835,5.4402314
6,2.8791922,5.3694336
6,2.4351154,5.2977993
6,1.9791737,5.1361458
6,1.5743182,5.0605252
6,1.1145162,4.9857625
6,0.69320737,4.8176517
6,0.27434693,4.738989
6,-0.20894471,4.5689783
6,-0.6532613,4.3027821
6,-0.99210509,4.0776613
6,-1.7175713,3.8102603
7,11.986127,6.0673492
7,11.64693,6.1245399
7,11.341348,6.1411489
7,10.699263,5.6225238
7,10.298876,5.4817475
7,9.8552016,5.3809898
7,9.4462291,5.2772279
7,8.9930785,5.2144195
7,8.6111419,5.0249933
7,8.1067086,5.0024077
7,7.7209786,4.9335108
7,7.2856202,4.8236455
7,6.8424202,4.6704188
7,6.3934344,4.5151918
7,5.9410556,4.4004973
7,5.5255636,4.2403183
7,5.1023744,4.0350627
7,4.6794106,3.9141123
7,4.2982699,3.7908347
7,3.8656801,3.667046
7,3.4308861,3.5859989
7,3.0425042,3.5477384
7,2.5948401,3.4203445
7,2.1944893,3.3358006
7,1.7397997,3.2509265
7,1.3773983,3.1184528
7,0.90566417,2.9396477
7,0.5313412,2.7579945
7,0.15684492,2.6208431
7,-0.17633429,2.3889722
8,12.395313,5.9682561
8,11.765189,6.2346884
8,11.488487,5.9769628
8,10.907206,5.9284552
8,10.284838,6.0794288
8,9.7268523,6.1088216
8,9.1932531,5.9754923
8,8.6570766,5.9618531
8,8.152665,5.9050501
8,7.5939693,5.7669915
8,7.0762696,5.749435
8,6.5511238,5.731626
8,6.013405,5.6292339
8,5.4726685,5.6102819
8,4.9239805,5.5910513
8,4.3615532,5.485263
8,3.8433933,5.4629015
8,3.3150668,5.3964711
8,2.7729662,5.2408864
8,2.2816146,5.2145395
8,1.777286,5.0984364
8,1.2626531,4.9356989
8,0.64915171,4.9100954
8,0.11147671,4.6520326
8,-0.27269177,4.4322383
8,-0.76714958,4.212504
8,-1.3261474,3.9440723
8,-1.8348697,3.7178631
8,-2.4570526,3.5376935
8,-2.8558002,3.4476356
9,11.56485,5.9729829
9,11.104153,5.9969935
9,10.596507,5.9838808
9,10.084821,6.0501189
9,9.6025011,6.0351308
9,9.0725924,6.0220205
9,8.5366799,6.0493521
9,8.0306883,5.9930984
9,7.5195597,5.9772633
9,7.0034229,6.0027203
9,6.4336744,5.9888726
9,5.9467156,6.012618
9,5.4533893,6.0366739
9,4.9508842,6.0183881
9,4.444343,6.0428049
9,3.9722328,5.9788552
9,3.4940538,5.9140836
9,3.009688,5.8484739
9,2.5645688,5.7357937
9,2.1172871,5.666114
9,1.6046929,5.4635669
9,1.1457708,5.3913372
9,0.68487183,5.363507
9,0.21853098,5.3353482
9,-0.20481713,5.2591603
9,-0.62896648,5.2281901
9,-1.041878,5.3819576
9,-1.5449428,5.1670944
9,-1.9248083,5.1800724
9,-2.4183494,5.1969342
9,-2.8706972,5.1174261
9,-3.3192618,5.1322458
9,-3.7156913,5.1453431
10,12.151777,5.4385259
10,11.777006,5.5333762
10,11.35844,5.5918569
10,10.933326,5.6116345
10,10.506352,5.7109082
10,10.031057,5.7335527
10,9.5493469,5.7565029
10,9.0630084,5.8201715
10,8.5266156,5.8460272
10,8.0243747,5.8702367
10,7.5195597,5.9772633
10,7.0034229,6.0027203
10,6.4824152,6.0703287
10,5.9566825,6.1809321
10,5.4186022,6.2083742
10,4.9212652,6.2764908
10,4.3711276,6.3479046
10,3.8102501,6.3771364
10,3.2949147,6.4912632
10,2.7698333,6.5631272
10,2.2345505,6.591922
10,1.6952701,6.665432
10,1.1418196,6.650704
10,0.63508876,6.6779628
10,0.073926798,6.7535551
10,-0.44635664,6.7818335
10,-0.91253949,6.8990492
10,-1.3838264,7.0175482
10,-1.9227195,7.0480408
10,-2.3420517,7.2584816
11,12.484193,5.3076689
11,11.848527,5.4131271
11,11.312362,5.3975617
11,10.772595,5.5003709
11,10.260959,5.5233136
11,9.741856,5.5465911
11,9.2170141,5.6105883
11,8.6805867,5.5941804
11,8.1380762,5.6185075
11,7.5874105,5.6432004
11,7.0261129,5.6266692
11,6.4608665,5.6937167
11,5.9292431,5.7175557
11,5.3874202,5.6992324
11,4.8430429,5.7662629
11,4.2853144,5.7480349
11,3.7694307,5.7708788
11,3.2465983,5.7940305
11,2.6618512,5.731595
11,2.1238066,5.7548167
11,1.6248919,5.7315868
11,1.2707919,5.7016981
11,0.75726342,5.6327294
11,0.22586156,5.4263898
11,-0.30948725,5.2629131
11,-0.79550835,5.14149
11,-1.2460196,4.8773462
11,-1.8571594,4.7081879
11,-2.4056987,4.723835
11,-2.9746668,4.5970688
12,12.579663,5.920093
12,12.13369,5.9820375
12,11.602969,5.9709962
12,11.107276,6.0753705
12,10.563894,6.1438563
12,9.9183077,5.8989408
12,9.3966263,5.965234
12,8.8281901,6.0750535
12,8.2887041,6.1028689
12,7.7411374,6.1311009
12,7.1830483,6.1183874
12,6.6186601,6.1471712
12,6.090014,6.1741322
12,5.5538405,6.201477
12,4.9669851,6.2741336
12,4.411923,6.2597149
12,3.8985138,6.2858988
12,3.3782113,6.3124342
12,2.8477716,6.2955642
12,2.3131496,6.322531
12,1.8174586,6.3030244
12,1.311965,6.2386208
12,0.79975105,6.173361
12,0.26974025,5.9713382
12,-0.31271872,5.8599756
12,-0.79798347,5.7425179
12,-1.1862884,5.5730535
12,-1.7871394,5.503094
12,-2.3462746,5.3830728
12,-2.9090421,5.3086567
13,12.526716,6.537409
13,11.926375,6.4967004
13,11.702475,6.5877213
13,11.241447,6.5377463
13,10.777276,6.5655628
13,10.305226,6.5542572
13,9.7848931,6.5053517
13,9.2622595,6.5759935
13,8.76935,6.5645134
13,8.2674759,6.5122213
13,7.7626615,6.5410671
13,7.2848066,6.402999
13,6.8072081,6.3875882
13,6.3257114,6.4137585
13,5.7882621,6.3585293
13,5.2985845,6.4695848
13,4.843189,6.4943365
13,4.3331138,6.4790326
13,3.8218787,6.5498467
13,3.3069544,6.6650018
13,2.8305616,6.7352599
13,2.3516442,6.8502599
13,1.8604921,6.878325
13,1.3700104,6.9955703
13,0.8736914,7.114211
13,0.36058118,7.0995308
13,-0.14805447,7.2202882
13,-0.56932148,7.1998832
13,-0.99507018,7.1792612
13,-1.4709452,7.2534129
14,11.213657,4.8497611
14,10.790619,4.9841166
14,10.319772,5.0417673
14,9.8373676,4.9796481
14,9.3907136,4.9556482
14,8.9010049,5.0142743
14,8.4026738,5.0327024
14,7.8995785,5.0926521
14,7.3918562,5.194944
14,6.8290921,5.2167042
14,6.3486016,5.2774694
14,5.8147056,5.2984135
14,5.2705303,5.2769686
14,4.7237972,5.3412084
14,4.1721395,5.4496358
14,3.6127689,5.5595791
14,3.0455226,5.6710704
14,2.5190146,5.7820098
14,1.985652,5.8943935
14,1.3952062,6.0105524
14,0.63976171,6.0905223
14,0.18483315,6.2026576
14,-0.27125523,6.3615235
14,-0.84947675,6.3900427
14,-1.2791537,6.3649706
14,-1.917912,6.4893508
14,-2.5196944,6.5193687
14,-3.0743626,6.5470364
14,-3.6364115,6.5750723
14,-4.2152902,6.5081444
14,-4.7442687,6.4374954
14,-5.2800941,6.3659319
15,11.610355,6.1654827
15,11.115076,6.2711116
15,10.647178,6.2578534
15,10.131488,6.2069071
15,9.6116014,6.235164
15,9.1211179,6.1811041
15,8.5841945,6.1690129
15,7.9990935,6.1998341
15,7.4450931,6.187696
15,6.9282371,6.2146334
15,6.404106,6.2419501
15,5.8253935,6.2298749
15,5.2881186,6.300113
15,4.7405627,6.3286504
15,4.1879055,6.4005946
15,3.6332512,6.5600989
15,3.0679394,6.6782595
15,2.5464109,6.8391307
15,2.01502,6.9579946
15,1.4233921,7.0370233
15,0.82303062,7.1172187
15,0.26152567,7.1505555
15,-0.30785977,7.1843601
15,-0.88140576,7.2642359
15,-1.4669291,7.2993247
15,-2.220119,7.3910194
15,-2.8248438,7.4275956
15,-3.3822336,7.4613088
15,-3.94705,7.4954712
15,-4.4712558,7.4315425
15,-5.0022073,7.3667911
15,-5.5400354,7.3012011
16,12.63536,5.3782853
16,12.108609,5.2849985
16,11.721505,5.0666973
16,10.956297,5.2154448
16,10.404016,5.1582774
16,9.795366,4.940912
16,9.2665375,4.9195734
16,8.5635057,4.903777
16,8.0096151,4.757962
16,7.4984599,4.7748495
16,7.1537158,4.7862392
16,6.6257811,4.7193775
16,6.0503892,4.7377386
16,5.4155406,4.6722858
16,4.7750404,4.6920021
16,4.1676943,4.6671221
16,3.5921574,4.5527463
16,3.0106225,4.4807774
16,2.3709358,4.408977
16,1.7203936,4.3359583
16,1.1129665,4.3058122
16,0.44813597,4.3221462
16,-0.12307331,4.33618
16,-0.91903726,4.3091614
16,-1.5599104,4.3714811
16,-2.041824,4.4777044
16,-2.7259458,4.2573033
16,-3.3477074,4.223539
16,-3.8642536,4.1867713
16,-4.3293546,4.1483171
16,-4.858234,4.1106378
16,-5.4482148,4.1227945
17,12.041401,4.4683244
17,11.389739,4.4093722
17,10.725379,4.3492714
17,10.056705,4.4891654
17,9.4220884,4.7518569
17,8.9461137,5.0941097
17,8.5896298,5.4349009
17,8.2199942,5.5738028
17,7.8404483,5.5906095
17,7.3711782,5.6113893
17,7.1104045,5.5812727
17,6.6293169,5.5603617
17,6.0554314,5.5851302
17,5.4196741,5.4846365
17,4.7807808,5.511135
17,4.1749835,5.4928964
17,3.5979787,5.3416405
17,2.936809,5.4994844
17,2.3829535,5.2553089
17,1.7308295,5.1449102
17,1.1249449,5.1210909
17,0.40673585,5.1004155
17,-0.16383181,5.1199089
17,-0.74637407,5.0935328
17,-1.3374466,5.0667705
17,-1.8159207,5.1763523
17,-2.1982779,5.1894155
17,-2.8062755,5.2101876
17,-3.4276649,5.1836283
17,-4.0491929,5.2526518
17,-4.6311313,5.2240666
17,-5.2211994,5.1950821
18,13.013808,5.6680078
18,12.461685,5.7335067
18,11.905002,5.916416
18,11.417994,6.1369831
18,10.843841,6.2863078
18,10.224501,6.5194009
18,9.6333864,6.7140199
18,8.9940236,6.954418
18,8.3855646,7.1960611
18,7.7632837,7.3601056
18,7.1759726,7.5648262
18,6.5774556,7.7313694
18,5.925359,7.9037629
18,5.3073669,8.0756545
18,4.6741985,8.1658589
18,4.0362631,8.3426156
18,3.4796548,8.4719203
18,2.8193982,8.6106914
18,2.3007182,8.8266532
18,1.5187234,8.9348833
18,0.89011204,9.2528961
18,0.34730357,9.4778986
18,-0.19490135,9.7946734
18,-0.63918908,10.105345
18,-1.0915701,10.374171
18,-1.4420778,10.634985
18,-1.8860225,11.088919
18,-2.3171133,11.727109
18,-2.6090299,12.125034
18,-3.0410337,12.81598
18,-3.162583,13.287946
19,12.807268,4.9855483
19,12.240923,4.7739967
19,11.740596,4.5561605
19,11.235304,4.4139519
19,10.682805,4.2705958
19,9.9258655,4.2509445
19,9.5199786,4.2212072
19,9.0231674,4.1114698
19,8.4353404,4.002035
19,7.8843085,3.9730126
19,7.3679269,3.9426024
19,6.7979639,3.870459
19,6.3078083,3.7954272
19,5.7658697,3.7201904
19,5.2588457,3.5998599
19,4.7473334,3.5213148
19,4.0874806,3.4436944
19,3.6072508,3.3621541
19,3.0723918,3.2801375
19,2.5725388,3.1067258
19,2.0558557,2.7952532
19,1.5920412,2.6157624
19,1.1187936,2.3880873
19,0.58401247,2.1110134
19,6.5664481e-06,1.9695264
19,-0.44117521,1.732919
19,-0.88773342,1.4934281
19,-1.1771339,1.253128
19,-1.7632063,0.76648981
19,-2.2349152,0.41969258
19,-2.5356018,0.17021103
19,-3.188178,-0.18941163
19,-3.558915,-0.49607794
19,-3.8801126,-0.85353023
19,-4.2090722,-1.2644051
19,-4.5460895,-1.7297156
20,13.363582,5.1933531
20,12.95835,5.0950905
20,12.36559,5.1190098
20,11.904219,4.8641142
20,11.404932,4.8034998
20,10.898163,4.7419771
20,10.418272,4.5583277
20,9.9382745,4.5330642
20,9.4885766,4.4251554
20,9.0328377,4.3157971
20,8.6562911,4.243892
20,8.2293621,4.089574
20,7.7564435,3.9758646
20,7.2837755,3.9864073
20,6.7956167,3.8282234
20,6.3053674,3.7528914
20,5.7607778,3.6344456
20,5.2482604,3.4270222
20,4.739092,3.3907653
20,4.2143795,3.2224197
20,3.6371481,3.0962795
20,3.0053641,3.0131767
20,2.5074423,2.8826063
20,2.0093916,2.8408048
20,1.4475606,2.7075576
20,0.921433,2.4802227
20,0.39863373,2.3885794
20,-0.25940265,2.0151549
20,-0.80655199,1.8245483
20,-1.3073926,1.6316334
20,-1.7176089,1.293863
20,-2.0730631,1.0011834
20,-2.5956281,0.75080786
20,-2.851236,0.40559167
20,-3.2797231,0.053047172
20,-3.6556995,-0.30195282
21,12.805025,6.0232977
21,12.061379,6.0633011
21,11.567818,6.0508535
21,11.139664,5.9165998
21,10.744883,5.7786466
21,10.384749,5.6371559
21,10.176416,5.4072711
21,9.8899709,5.2590726
21,9.3518686,4.9976016
21,8.8990525,4.973553
21,8.4383571,4.9081937
21,7.9291746,4.8434122
21,7.32873,4.8221969
21,6.7987203,4.6717887
21,6.262971,4.5614019
21,5.6739976,4.450593
21,5.1614795,4.2494693
21,4.5130673,4.2222766
21,3.9420943,4.1047995
21,3.4100626,3.9844592
21,2.8733826,3.906819
21,2.3257553,3.7832729
21,1.7733655,3.7030391
21,1.2094488,3.5761493
21,0.68846643,3.4466423
21,0.16026866,3.3153415
21,-0.37911398,3.1356883
21,-0.87669582,2.9061716
21,-1.2188301,2.672883
21,-1.8539759,2.2472684
21,-2.8495566,1.6669088
21,-3.3290133,1.3711381
21,-3.7663247,0.97416328
21,-4.1508693,0.57344759
21,-4.5348897,0.2180806
22,12.997564,5.1703385
22,12.465466,4.7660723
22,12.007833,4.5867557
22,11.575871,4.24613
22,11.103332,4.0205906
22,10.585815,3.8325352
22,10.101782,3.681122
22,9.5717837,3.5688867
22,9.1178459,3.4946257
22,8.4885804,3.3804815
22,7.9330374,3.2631646
22,7.3685338,3.1439554
22,7.1057935,3.1045437
22,6.2092973,2.8568287
22,5.4748397,2.6453654
22,4.9240851,2.6476295
22,4.5496629,2.6052922
22,4.0297347,2.5629482
22,3.4545781,2.5201316
22,3.3553439,2.4757773
22,2.4656852,2.2968861
22,2.0594038,2.1604946
22,1.4432071,1.9759747
22,0.97432418,1.8355678
22,0.44033399,1.5999782
22,-0.090161149,1.5015677
22,-0.57459627,1.4024137
22,-1.0770529,1.1595292
22,-1.5822454,0.96121658
22,-2.1026475,0.66376305
22,-2.5699679,0.41202686
23,13.355947,6.107603
23,12.654967,5.9545784
23,12.208641,5.9780893
23,11.835131,6.0754718
23,11.456254,6.1349035
23,10.994351,6.1600089
23,10.608037,6.2600245
23,10.138396,6.3655777
23,9.5785945,6.3972534
23,9.1363457,6.5028583
23,8.6455461,6.5717257
23,8.1041491,6.6032654
23,7.6015535,6.7147753
23,7.1308219,6.7427228
23,6.6127611,6.8151309
23,6.0949307,7.0138144
23,5.6574509,7.1673639
23,5.1113536,7.1173809
23,4.4758605,7.2427751
23,3.9647855,7.2753928
23,3.4468742,7.3084468
23,3.0087606,7.2056307
23,2.4227407,7.1541626
23,1.876994,7.0989325
23,1.3802194,7.1287029
23,0.87719933,7.1588475
23,0.36781522,7.1893735
23,-0.14432837,7.2654672
23,-0.71929977,7.3002438
23,-1.2905075,7.4728454
23,-1.7980087,7.2264846
24,13.224219,5.3904356
24,12.820084,5.3701054
24,12.32684,5.0817669
24,11.950653,5.0967357
24,11.571833,5.1510398
24,10.995181,5.2138539
24,10.530723,5.3522137
24,10.17124,5.2875622
24,9.6504281,5.3091632
24,9.2853819,5.3243037
24,8.9616427,5.4190538
24,8.591635,5.4756693
24,8.1297257,5.4544921
24,7.6639748,5.4743323
24,7.1900031,5.452872
24,6.7558271,5.4711235
24,6.2723276,5.4914484
24,5.779995,5.469692
24,5.3743924,5.4865146
24,4.9185894,5.5054193
24,4.3121792,5.4439848
24,3.8375713,5.3759739
24,3.3120491,5.3526965
24,2.7792227,5.3290955
24,2.2421771,5.3495593
24,1.6545999,5.4616091
24,1.102166,5.4832804
24,0.54561955,5.5505496
24,-0.029703814,5.4819108
24,-0.60972155,5.4582292
24,-0.86267506,5.6065866
24,-1.4546203,5.5835798
24,-2.1688948,5.5176406
25,13.396282,5.0774188
25,12.990046,4.940018
25,12.432181,4.8836931
25,11.942101,4.8627346
25,11.44639,4.8807869
25,10.906175,4.9401241
25,10.397267,4.9988838
25,9.8793095,5.018329
25,9.3148695,5.0800585
25,8.6546891,5.0643037
25,8.1930082,5.0404557
25,7.7253118,5.016297
25,7.2968552,5.0319
25,6.8587321,4.9639405
25,6.3758388,4.9809824
25,5.8841355,4.9558133
25,5.3832088,4.8875694
25,4.8320292,4.8629432
25,4.3193538,4.8364344
25,3.7523009,4.811072
25,3.2247425,4.7838211
25,2.6929814,4.80049
25,2.1078369,4.8635478
25,1.5607888,4.8810045
25,1.0061401,4.8987037
25,0.38494384,4.8271409
25,-0.2462462,4.7544267
25,-0.72052569,4.7684911
25,-1.2580032,4.7377691
25,-1.8612912,4.6612812
26,13.289736,5.1582205
26,13.14519,5.2025336
26,13.109889,5.2423457
26,12.926656,5.2501511
26,12.89116,5.2901045
26,12.813681,5.1779652
26,12.526703,5.4603206
26,12.340439,5.4687774
26,12.228197,5.4738735
26,11.922811,5.3708726
26,11.727352,5.2230214
26,11.366452,4.8048578
26,11.120596,4.4570163
26,10.684447,4.3104999
26,10.321979,4.1599585
26,9.8731813,3.9691504
26,9.4311598,4.0607275
26,8.9780379,4.0306185
26,8.4711162,3.8773073
26,7.9650485,3.8880217
26,7.4065906,3.8579181
26,6.8347501,3.7428837
26,6.3078083,3.7954272
26,5.5928765,3.8523245
26,5.0863276,3.7759368
26,4.5345219,3.8299558
26,4.0191206,3.8399915
26,3.4489238,3.8510941
26,2.8796214,3.9956896
26,2.3943205,4.0507203
27,13.24235,7.0994753
27,12.488492,7.5718366
27,11.938402,7.8438907
27,11.479469,7.7258313
27,10.914003,8.0029585
27,10.522494,7.9562173
27,9.9558415,7.6458252
27,9.4705068,7.5624827
27,8.989694,7.7176663
27,8.4947465,7.7141293
27,8.1957858,7.5740701
27,7.6428066,7.4910398
27,7.3316568,7.2662507
27,6.6198409,6.9395842
27,6.0309024,6.6820387
27,5.521685,6.415095
27,5.0476018,6.0991857
27,4.5258638,5.8666587
27,4.0928005,5.6698362
27,3.6513301,5.4269713
27,3.1713416,5.4021093
27,2.6852673,5.376932
27,2.1404844,5.3088603
27,1.4843256,5.1985976
27,1.070836,5.0777266
27,0.53576626,4.7768732
27,-0.044667633,4.6564866
27,-0.32899357,4.387468
27,-0.62347007,4.0233794
27,-1.2424703,3.6610863
27,-1.6497522,3.3372225
27,-2.1168466,3.0100162
28,13.018345,6.925481
28,12.541243,6.9575205
28,11.985222,7.0718982
28,11.379241,7.113265
28,10.841863,7.1890877
28,10.255202,7.2294611
28,9.6095163,7.0746845
28,9.0017142,7.1148262
28,8.4625307,7.0694077
28,7.8285104,6.987901
28,7.2687547,6.899613
28,6.7823528,6.721845
28,6.2889066,6.5415026
28,5.7882621,6.3585293
28,5.4611499,6.163743
28,4.9078053,6.0632781
28,4.3487182,6.0042771
28,4.0985155,5.7563066
28,3.5741985,5.6922187
28,2.9040101,5.7211436
28,2.3074273,5.5693058
28,1.7575648,5.5023255
28,1.3576402,5.5182387
28,0.78697318,5.3596739
28,0.15942594,5.2461007
28,-0.42965615,5.0828906
28,-1.1308825,4.9668974
28,-1.2340484,5.0167778
28,-2.2869563,4.8149421
28,-2.854119,4.6890409
28,-3.4906028,4.5149376
28,-4.0131514,4.4317537
28,-4.6540809,4.398813
28,-5.2506623,4.3150458
28,-5.8457403,4.3286557
28,-6.3883422,4.3410655
28,-6.9377352,4.3536306
28,-7.3643778,4.4136344
29,13.627785,6.7340111
29,13.348357,7.0165934
29,13.022067,7.0390483
29,12.358662,7.0464055
29,12.179333,7.2505372
29,11.849034,7.4665663
29,11.474996,7.6102174
29,11.050928,7.5643964
29,10.624743,7.5960868
29,10.193363,7.6281635
29,9.399109,7.7668732
29,8.956575,7.8803688
29,8.4654428,7.9582814
29,8.0849808,7.8660432
29,7.7910954,7.8882211
29,7.2367739,7.8890367
29,6.2368389,7.9223639
29,5.7030447,7.9201708
29,5.1961994,7.7465935
29,4.6873285,7.6551785
29,4.1712279,7.5624649
29,3.6448096,7.4254334
29,3.3489695,7.2713028
29,2.8195928,7.2610967
29,2.2275328,7.1660782
29,1.6857016,7.199152
29,1.1329508,7.1882122
29,0.62687097,7.218822
29,0.066441197,7.2979927
29,-0.50928353,7.2875412
29,-1.0363512,7.3194204
29,-1.6199667,7.4009322
30,13.403939,6.4838628
30,12.819078,6.4432032
30,12.489674,6.5396701
30,12.305222,6.5893808
30,12.082354,6.6416749
30,11.821786,6.7352631
30,11.48023,6.756872
30,11.371684,6.9194102
30,11.104559,6.9759457
30,10.717197,7.0015287
30,10.36322,6.9854532
30,9.9658195,6.9717943
30,9.6879859,7.0296734
30,9.2092248,7.1812804
30,8.4584927,6.9885965
30,8.2524608,7.0424021
30,7.7884032,7.0313628
30,7.2325786,7.0256031
30,6.7551981,7.0142959
30,6.1882048,7.0916763
30,5.6024751,7.0022511
30,5.1034113,6.9905326
30,4.5921079,6.8934472
30,4.0706613,6.752033
30,3.5445152,6.6518247
30,3.0495835,6.4167807
30,2.5602225,6.3541517
30,2.018459,6.3373955
30,1.4656693,6.2758546
30,0.9118635,6.3031695
30,0.35033052,6.3308656
30,-0.27501819,6.3160063
30,-0.90244859,6.3926554
30,-1.5353929,6.516655
30,-2.1232255,6.6396981
31,12.530683,6.6521167
31,11.930639,6.6124541
31,11.361087,6.6475369
31,10.585349,6.6559114
31,9.9570499,6.77377
31,9.4667083,6.6040404
31,8.8927333,6.5573255
31,8.2256725,6.51461
31,7.6223204,6.3020942
31,7.133132,5.9963228
31,6.5582615,5.8570969
31,5.9242438,5.633132
31,5.3342879,5.5735729
31,4.7753322,5.4252955
31,4.254245,5.2728906
31,3.775741,5.1601281
31,3.1980277,5.093131
31,2.6569106,4.9791772
31,2.2064958,4.8603996
31,1.650717,4.7431812
31,1.1268966,4.4870229
31,0.65386891,4.3170916
31,0.074447295,4.1932559
31,-0.51763663,4.0211987
31,-1.057471,3.9388407
31,-1.659068,3.8563439
31,-1.6631646,3.8092935
31,-2.9591555,3.5449052
31,-3.4150444,3.5032488
31,-4.0577475,3.3663323
31,-4.6331056,3.4222213
31,-5.2161155,3.4788536
31,-5.8069307,3.536244
31,-6.4057092,3.594408
31,-6.9563657,3.6023171
31,-7.4461977,3.6598353
32,13.088699,6.844905
32,12.617689,7.0287233
32,11.873828,7.1180689
32,11.304271,7.1572652
32,10.932039,7.4952435
32,10.34747,7.5380641
32,9.6276321,7.4715637
32,9.0170677,7.4350617
32,8.4270975,7.1932951
32,7.8707108,6.9852312
32,7.3071542,6.8147714
32,6.6859065,6.5609325
32,6.1023279,6.3838601
32,5.5062381,6.1614687
32,4.856578,5.9800811
32,4.2443549,5.8363588
32,3.7665079,5.727469
32,3.3451897,5.8334294
32,2.8104429,5.7692684
32,2.2648155,5.6599123
32,1.5479605,5.376012
32,0.97989502,5.2166835
32,0.45459222,5.0531785
32,-0.1378438,4.7972287
32,-0.65982747,4.8593017
32,-1.4275058,4.6491525
32,-1.4275058,4.6491525
32,-2.4908607,4.3943532
32,-3.1651144,4.3630736
32,-3.7316553,4.3766722
32,-4.3589711,4.44025
32,-4.8781492,4.5018074
32,-5.4628325,4.5656233
33,13.081311,6.617587
33,12.385037,6.7379975
33,11.670396,6.744841
33,10.940617,6.7518294
33,10.233045,6.717021
33,9.3066133,6.6536956
33,8.5587674,6.4955765
33,7.8746201,6.2474616
33,7.2193537,5.9920701
33,6.5511238,5.731626
33,5.916739,5.5063963
33,5.3212037,5.3605259
33,4.7155852,5.2121858
33,4.0498195,5.0195156
33,3.3745449,4.8671165
33,2.8231119,4.5746833
33,2.2660806,4.3222428
33,1.7035988,4.1108713
33,1.1761119,3.8043543
33,0.59998771,3.6314833
33,-0.037340456,3.4566545
33,-0.68546077,3.2788653
33,-1.2825877,3.1916289
33,-1.9310815,3.245794
33,-2.59829,3.205288
33,-3.2674984,3.2604288
33,-3.8990709,3.2187922
33,-4.4725259,3.2736249
33,-5.1126178,3.3298656
33,-5.7022549,3.3862124
34,12.619303,5.9948775
34,12.621922,6.0715472
34,12.586242,6.1118966
34,12.437885,6.1200429
34,12.255645,6.2457758
34,12.374265,6.4314177
34,12.375613,6.4697788
34,12.596748,6.4182087
34,12.303863,6.5510122
34,12.114266,6.4854406
34,12.046242,6.6824959
34,11.708306,6.7424426
34,11.210707,6.7348921
34,10.948542,6.9471213
34,10.559405,6.9726053
34,10.317086,6.8304592
34,9.7208812,6.8681786
34,9.321556,6.9735763
34,8.7909434,7.0077359
34,8.2483464,6.9613397
34,7.7418144,6.9524254
34,7.1851377,6.9460542
34,6.5738084,6.9007786
34,6.0432541,6.8912172
34,5.5049873,6.8815167
34,5.0499747,6.8662635
34,4.4943376,6.8135591
34,3.9273883,6.7170198
34,3.4941486,6.6111444
34,2.9565316,6.4654592
34,2.2151628,6.3274735
34,1.6551145,6.1326088
34,1.1368658,5.9324547
34,0.61117544,5.7294264
34,0.07788183,5.5234617
34,-0.45936676,5.3604166
34,-0.94711187,5.2394179
34,-1.3872222,5.1150663
34,-2.0970339,5.0918658
35,12.821628,6.5194074
35,12.825451,6.6336319
35,12.82927,6.7477583
35,12.757135,6.7905452
35,12.64803,6.8358239
35,12.61377,6.9144654
35,12.653234,6.9881531
35,12.693927,7.0997328
35,12.697804,7.2137069
35,12.477884,7.2675132
35,12.219366,7.3243382
35,11.775101,7.5105482
35,11.664672,7.5959036
35,11.207709,7.6303881
35,10.861037,7.6565495
35,10.434316,7.7279897
35,9.9161004,7.6487803
35,9.5125883,7.5992204
35,8.8983208,7.5237753
35,8.3582422,7.4814972
35,7.8540727,7.4762664
35,7.3111491,7.6784376
35,6.70331,7.6395338
35,6.175806,7.6353201
35,5.6406646,7.6310454
35,5.2283029,7.5331542
35,4.2668855,7.5987847
35,3.6977668,7.5082655
35,3.256821,7.3205763
35,2.7168783,7.1799957
35,2.0642058,6.9551292
35,1.5029065,6.7650689
35,0.9834906,6.5693923
35,0.46021927,6.4159945
35,-0.1224261,6.2629366
35,-0.6613471,6.1050773
35,-1.1505987,5.9887434
35,-1.8044516,5.9243579
35,-2.2365139,5.9899231
36,13.248506,5.006795
36,12.643608,4.5273449
36,12.60645,4.5285306
36,12.532014,4.5309059
36,12.114121,4.3878914
36,12.03575,4.3118931
36,11.881238,4.2377643
36,11.611218,4.1662807
36,11.340487,4.1337831
36,11.023883,3.9826702
36,10.664703,3.830865
36,10.259904,3.6377818
36,9.7250001,3.3627228
36,9.323205,3.4913262
36,8.9015094,3.2921313
36,8.2679689,3.1757228
36,7.8413066,3.1387782
36,7.4072896,3.0592858
36,6.9655765,2.9364175
36,6.3381571,2.7703178
36,6.0626082,2.642949
36,5.5632694,2.6017039
36,5.0598305,2.6034862
36,4.4945367,2.4736966
36,3.9232904,2.386171
36,3.2949605,2.2972679
36,2.7050737,2.2069437
36,2.1124932,2.2059927
36,1.4097701,2.2048651
36,0.84170488,2.111722
36,0.21306129,2.0169952
36,-0.48271548,1.8735031
36,-1.1250448,1.8698969
36,-1.6134441,1.8671549
36,-2.1587036,1.9119935
37,13.500206,4.9205787
37,13.310467,4.659561
37,12.905132,4.5962237
37,12.23541,4.61835
37,11.813853,4.4753289
37,11.462175,4.2887544
37,10.994426,4.2222748
37,10.52181,4.194894
37,9.9990829,4.0874929
37,9.1446995,4.0676033
37,8.6442752,3.9972565
37,8.136614,3.9258924
37,7.6215577,3.8534887
37,7.1401241,3.7371108
37,6.6127011,3.7046618
37,6.0726246,3.5863227
37,5.5268675,3.5092327
37,4.9728636,3.4309777
37,4.4571538,3.3509132
37,3.8867929,3.2702924
37,3.3045807,3.1440065
37,2.7162663,3.0605054
37,2.1715996,3.0204081
37,1.5117144,2.88954
37,0.8402323,2.7563721
37,0.26843526,2.713078
37,-0.25894261,2.6689369
37,-0.84679837,2.6243961
37,-1.4392703,2.6264935
37,-1.9262366,2.6757912
38,12.901297,5.5968055
38,12.901297,5.5968055
38,12.864547,5.5985564
38,12.825201,5.5236188
38,12.672384,5.3766458
38,12.480187,5.1917971
38,12.290773,5.1220288
38,12.290773,5.1220288
38,12.097419,4.974031
38,12.100219,5.0518408
38,11.870611,4.9826734
38,11.677527,4.9115998
38,11.407965,4.8821862
38,11.097472,4.8539269
38,10.740076,4.7075705
38,10.342413,4.6408392
38,9.8614977,4.6161237
38,9.4553311,4.5885127
38,8.9207983,4.5643848
38,8.4200061,4.5386239
38,7.8675035,4.4723118
38,7.3062878,4.4049539
38,6.7337956,4.2943864
38,6.1568791,4.2670002
38,5.6586384,4.1941315
38,5.150838,4.0771545
38,4.5921343,4.0029435
38,3.8715194,3.7549277
38,3.3409739,3.6760723
38,2.7541142,3.5968727
38,2.2042827,3.4707428
38,1.799895,3.3860585
38,1.0904386,3.3497752
38,0.58196601,3.4021671
38,0.063425417,3.4090254
38,-0.46181207,3.4159723
38,-0.99387702,3.4230095
38,-1.4949353,3.2410178
38,-2.0958219,3.247598
39,13.645318,6.1293523
39,13.170898,6.003616
39,12.983448,5.8608124
39,12.682804,5.6841485
39,12.417756,5.5425743
39,12.301701,5.431803
39,12.073766,5.3642729
39,11.844206,5.2962616
39,11.577779,5.307611
39,11.269242,5.2813929
39,10.914175,5.1379778
39,10.519067,5.0740253
39,10.042984,5.0924338
39,9.5181166,5.0723139
39,8.9872728,5.0925414
39,8.4943062,5.1932961
39,7.8995785,5.0926521
39,7.3399249,5.0303316
39,6.7667065,4.8831278
39,6.1913249,4.8604155
39,5.6944309,4.7917796
39,5.2362765,4.7207661
39,4.6799081,4.6516438
39,3.9209994,4.4996072
39,3.4878838,4.423677
39,2.985892,4.1266686
39,2.4370177,3.9603174
39,2.0356277,3.8786132
39,1.4724031,3.7082164
39,0.99384912,4.0811642
39,0.62516653,3.9518698
39,0.11907651,4.1001803
39,-0.72957733,4.0255658
39,-1.1190144,3.8464408
39,-1.4381539,3.899279
40,13.25447,6.3411983
40,12.67319,6.4902118
40,12.370218,6.3162677
40,12.105915,6.2542481
40,11.728736,6.2755903
40,11.422517,6.2538869
40,11.110398,6.1537015
40,10.795244,6.0525423
40,10.565547,6.1833152
40,10.209089,6.1629425
40,9.9253707,6.0584291
40,9.5988571,5.9550333
40,9.3154146,5.9693304
40,8.9046474,5.9495039
40,8.5661516,5.8033454
40,8.180095,5.6166233
40,7.8383069,5.5494485
40,7.4096459,5.5266832
40,7.183213,5.3281315
40,6.8290921,5.2167042
40,6.4320398,5.189907
40,6.0727029,5.1188636
40,5.7046281,4.9620472
40,5.3832088,4.8875694
40,4.9726033,4.9013664
40,4.6501638,4.9122009
40,4.2698273,4.7945574
40,3.9855115,4.7599735
40,3.5564373,4.7295139
40,3.1675412,4.653194
40,2.7682698,4.4874167
41,12.920242,6.1699754
41,12.770792,6.101763
41,12.222395,6.3633523
41,11.816031,6.5807897
41,11.403872,6.7617028
41,11.030566,7.0589692
41,10.572589,7.2861661
41,10.222571,7.3895384
41,9.8311689,7.5362633
41,9.4302087,7.5654123
41,8.9858527,7.6378046
41,8.5380892,7.7512469
41,8.0808162,7.7852489
41,7.6199343,7.8603336
41,7.1578417,8.0180981
41,6.6856001,8.0955478
41,6.2074322,8.1739694
41,5.7282629,8.3365529
41,5.3281466,8.4102829
41,4.827491,8.4080129
41,4.3228655,8.4480458
41,3.8115449,8.4886098
41,3.2933951,8.5297156
41,2.7682783,8.5713742
41,2.1417387,8.6648255
41,1.6471657,8.6603142
41,1.1462567,8.655745
41,0.68603353,8.6028456
41,0.172625,8.5978466
41,-0.29554459,8.5888051
41,-0.67583696,8.4363786
41,-1.0444215,8.4637859
41,-1.5272239,8.4538006
42,13.241186,5.9236983
42,12.432526,5.9662958
42,11.98754,6.1060271
42,11.54009,6.3252197
42,11.087403,6.5469778
42,10.705825,6.727231
42,10.005589,6.9692119
42,9.6077017,7.0349312
42,8.8828023,7.2032011
42,8.4331667,7.3143766
42,7.9739396,7.3457254
42,7.5110855,7.4183083
42,7.0470269,7.5739146
42,6.5727317,7.6488097
42,6.0924671,7.7246474
42,5.6112085,7.8850024
42,5.2518513,7.9113259
42,4.7521345,7.9479309
42,4.251432,8.0699953
42,3.7854873,8.1046422
42,3.2664041,8.1432403
42,2.7434405,8.2256388
42,2.4377013,8.0300286
42,1.9460033,8.0214941
42,1.5011345,8.0533424
42,1.0443307,7.9969978
42,0.53827249,8.0326659
42,0.077339322,8.0651535
42,-0.3480948,7.9591689
42,-0.66169201,7.9807503
42,-1.1405604,7.96792
43,12.718445,5.6439687
43,12.308519,5.6250473
43,11.934218,5.6817707
43,11.517736,5.7409603
43,11.054495,5.724176
43,10.665018,5.7429499
43,10.271205,5.7619329
43,9.6721939,5.790807
43,9.306045,5.7680946
43,8.8968595,5.7875894
43,8.3915084,5.6480682
43,8.0138391,5.6652153
43,7.5895974,5.6844769
43,7.1581559,5.662449
43,6.7675356,5.6799651
43,6.3751973,5.7396135
43,5.9738329,5.7155562
43,5.5706172,5.7336371
43,5.1657137,5.7945269
43,4.7998234,5.8111392
43,4.430404,5.8279117
43,4.0133979,5.8902131
43,3.6334347,5.864096
43,3.1119493,5.9316462
43,2.6775768,5.9516111
43,2.284178,5.9253555
43,1.8867277,5.8988295
43,1.4419014,5.9635969
43,1.0898461,5.979581
43,0.68368196,5.9980218
43,0.28068194,6.1072277
43,-0.077882235,6.1695474
43,-0.43953937,6.2324046
43,-0.8004507,6.3416278
43,-1.1683345,6.4057695
43,-1.4977369,6.3292307
43,-1.8176275,6.391228
44,10.456155,4.5171225
44,10.126187,4.2455698
44,9.4756078,4.1410371
44,9.2248781,4.0248334
44,8.8085888,3.9523968
44,8.4292104,3.8781945
44,8.003245,3.8040244
44,7.6215577,3.8534887
44,7.19264,3.904375
44,6.7125619,3.9145391
44,6.1866315,4.0108787
44,5.6935307,4.0218772
44,5.2369675,3.9889259
44,4.7339752,4.0432797
44,4.268443,4.0536633
44,3.8475247,4.1069624
44,3.3292878,4.2071896
44,2.79808,4.2199401
44,2.4039698,4.1846944
44,1.9660586,4.284853
44,1.3118958,4.2556128
44,0.80748369,4.3133175
44,0.33757461,4.2331244
44,-0.17916425,4.2914024
44,-0.63394132,4.5342666
44,-1.039785,4.7779584
44,-1.2837188,5.0649955
44,-1.6787062,5.4989622
44,-2.01786,5.9803635
44,-2.2998613,6.508403
44,-2.3083444,7.0231722
45,12.375877,4.341165
45,11.923519,4.3543239
45,11.496101,4.1693043
45,11.103332,4.0205906
45,10.671292,3.9909339
45,10.311734,3.9188697
45,9.941222,3.6841573
45,9.4514498,3.6117868
45,9.0037825,3.7018792
45,8.620177,3.5026218
45,8.2319935,3.3009864
45,7.9330374,3.2631646
45,7.9330374,3.2631646
45,7.098908,2.9776726
45,6.7948509,3.0228078
45,6.3058552,2.9845509
45,5.9328205,2.7296237
45,5.6087075,2.6015431
45,4.9322345,2.7785043
45,4.5963234,2.605127
45,4.3867488,2.253712
45,3.9086801,2.1645206
45,3.4274157,2.1188316
45,3.1252316,1.9386304
45,2.5385368,1.9356728
45,2.1922189,1.9339269
45,1.7424583,1.9316597
45,1.3383615,1.9296226
45,0.98846824,2.0200154
45,0.60315531,1.6942154
45,0.10873478,1.3634425
45,0.10873478,1.3634425
45,-0.4003589,0.933627
45,-0.97494275,0.44851971
45,-1.2456099,0.44232707
46,11.549475,4.5622593
46,11.084905,4.5374309
46,10.495681,4.5159057
46,10.014925,4.4501411
46,9.6508083,4.4204361
46,9.1580834,4.3531773
46,8.6146451,4.2449858
46,8.1512798,4.2157448
46,7.6412651,4.228852
46,7.1195314,4.1582394
46,6.634118,4.0855528
46,6.1024118,4.0980143
46,5.6509477,4.0657165
46,5.1455122,3.990914
46,4.6004484,4.1332157
46,4.1362689,4.1878198
46,3.6130554,4.1563572
46,3.1338899,4.1675873
46,2.6487845,4.1789567
46,2.1478254,4.0560787
46,1.6434429,3.9766692
46,1.0780584,3.8517112
46,0.65142303,3.6306569
46,0.21968491,3.4069587
46,-0.26606846,3.2275607
46,-0.65170695,3.0448952
46,-1.1030938,2.7665792
46,-1.501702,2.5320157
46,-1.9721864,2.1517175
46,-2.2140404,1.9117146
47,11.496784,5.1933312
47,11.032443,5.1728056
47,10.451913,5.3555709
47,9.9718249,5.2958331
47,9.4443755,5.236888
47,8.9088083,5.1770358
47,8.4067563,5.1146616
47,7.9419401,5.0910618
47,7.3851736,5.0703291
47,6.8244276,5.1330155
47,6.3364821,5.0668738
47,5.8418599,4.9998271
47,5.2949726,4.9334094
47,4.7832296,4.8213703
47,4.2698273,4.7945574
47,3.7078514,4.8562926
47,3.1797478,4.8293425
47,2.6961304,4.844775
47,2.1571971,4.8619727
47,1.650717,4.7431812
47,0.98510736,4.6271123
47,0.46263459,4.5048452
47,-0.01861827,4.3336137
47,-0.55512163,4.2076547
47,-0.99999704,3.9844356
47,-1.2344636,3.7547814
47,-1.9061243,3.5297805
47,-2.3931802,3.0122554
47,-2.7962231,2.8715283
47,-3.2168623,2.5844634
48,12.027994,6.1812621
48,11.497463,6.2106897
48,10.881118,6.2448771
48,10.289942,6.1982949
48,9.6482375,6.1530428
48,9.1192118,6.14083
48,8.5407013,6.1305952
48,7.9927665,6.0770917
48,7.4790271,6.0206161
48,6.9166981,6.0069978
48,6.3872558,5.9491507
48,5.8896137,5.803977
48,5.3421284,5.701238
48,4.8781174,5.593005
48,4.4080549,5.4833605
48,3.8905283,5.4609995
48,3.4105906,5.3927238
48,2.9244273,5.3235625
48,2.4383132,5.3420856
48,1.992343,5.3144219
48,1.330232,5.1590477
48,1.0271302,5.1697446
48,0.56096245,5.0951463
48,0.070613056,4.7909294
48,-0.36256237,4.6193764
48,-0.80471839,4.399425
48,-1.0753701,4.3595766
48,-1.2602533,4.0833385
48,-1.8390074,3.670671
48,-2.312241,3.2976056
49,13.680567,4.9137061
49,13.130431,4.7426049
49,12.567927,4.4909431
49,11.922087,4.3151353
49,11.417626,4.1318007
49,10.867611,3.9863328
49,10.353198,3.958172
49,9.787146,3.8494445
49,9.2544884,3.7789514
49,8.7531877,3.6654109
49,8.2001879,3.5093698
49,7.6447102,3.4764077
49,7.1264112,3.484441
49,6.5983893,3.4501329
49,6.0626702,3.4153248
49,5.5618854,3.3363018
49,5.0541408,3.2561805
49,4.4926373,3.1754489
49,3.9669779,3.0489453
49,3.4786547,2.8758434
49,2.8344242,2.6562201
49,2.5213688,2.3871289
49,2.0627084,2.2059129
49,1.5477521,2.0221939
49,1.0766818,1.8362012
49,0.6584679,1.7409848
49,0.22825866,1.5514433
49,-0.26367629,1.3120437
49,-0.70477833,1.1175691
49,-1.2635441,0.87121856
50,13.306568,5.6918352
50,12.830311,5.6769556
50,12.454996,5.5408418
50,11.892134,5.5670278
50,11.392287,5.4725828
50,10.922163,5.3355391
50,10.367853,5.2395205
50,9.8810877,5.0584831
50,9.3518686,4.9976016
50,8.7731112,4.9372647
50,8.2288177,4.9155886
50,7.7253118,5.016297
50,7.0784668,4.9980247
50,6.5913532,4.8891187
50,6.0107425,4.8240008
50,5.4608811,4.6708901
50,4.9023752,4.5153724
50,4.3350193,4.3573903
50,3.7052366,4.1102166
50,3.1637242,3.901001
50,2.7147921,3.7314972
50,2.2108062,3.5606291
50,1.8598544,3.5208849
50,1.3945842,3.3459254
50,0.97445003,3.1681971
50,0.4569872,3.1274842
50,-0.022425831,2.9930442
50,-0.50407143,2.9035769
50,-0.99169664,2.8129988
50,-1.4392703,2.6264935
50,-1.8456638,2.342513
50,-2.4832175,2.006493
51,13.416428,5.7244489
51,12.820084,5.3701054
51,12.484193,5.3076689
51,11.996956,5.3286978
51,11.570346,5.1118684
51,11.10531,5.0513572
51,10.555132,4.9929572
51,10.148757,4.7675804
51,9.6212843,4.6642574
51,9.0874584,4.6000443
51,8.5433394,4.4937796
51,8.0920208,4.7139193
51,7.6225423,4.6875702
51,7.1446156,4.6190604
51,6.5746839,4.5943866
51,5.9485709,4.5281327
51,5.3998904,4.4153227
51,4.8427488,4.300773
51,4.3180773,4.0962004
51,3.7884252,3.9324713
51,3.2989921,3.7654263
51,2.7997063,3.5515016
51,2.1515148,3.42646
51,1.7397997,3.2509265
51,1.2727032,3.073848
51,0.75184252,2.9408065
51,0.32042429,2.7128346
51,-0.11618826,2.4821179
51,-0.34219997,2.2955933
51,-0.79085381,2.0130849
51,-1.1290432,1.8225528
51,-1.6422312,1.5334285
51,-2.4491838,1.1400033
51,-2.9288607,0.79315418
51,-3.3622957,0.39389905
52,13.401031,5.2299435
52,12.808551,5.0240538
52,12.397539,4.9625952
52,11.788872,4.8291373
52,11.289365,4.8075783
52,10.807071,4.4266507
52,10.289061,4.321555
52,9.7629923,4.2148244
52,9.2305753,4.1471958
52,8.6939016,4.1606846
52,8.1913774,4.1733152
52,7.6796786,4.1444774
52,7.1149613,4.0742833
52,6.413489,4.0907237
52,5.8710638,3.9751417
52,5.3203157,3.8577862
52,4.8018376,3.6509418
52,4.2812562,3.5285387
52,3.7977367,3.3596347
52,3.2594582,3.1889532
52,2.7651172,3.0600539
52,2.3102873,2.8839792
52,1.8496979,2.7056749
52,1.3360332,2.5709458
52,0.91434358,2.388227
52,0.48411483,2.157065
52,0.30627072,1.8779328
52,-0.13528566,1.5947649
52,-0.57847724,1.3552444
52,-1.0850449,1.0644504
52,-1.649334,0.81652135
52,-2.1195859,0.47057436
52,-2.5442777,0.072850206
53,13.373765,6.6748952
53,13.208566,7.1774242
53,13.215819,7.4034189
53,12.749947,7.6657778
53,12.451533,7.5746461
53,11.888084,7.502147
53,11.270554,7.2762311
53,10.691247,7.3170619
53,10.212327,7.1534255
53,9.5290663,7.0799977
53,8.832037,7.0050904
53,8.210708,7.04509
53,7.5808268,7.1266595
53,6.8876916,7.0474227
53,6.2225771,6.922218
53,5.4149461,6.8869127
53,4.8190207,6.8373151
53,4.2105441,6.7440399
53,3.5474748,6.6950941
53,2.9207408,6.6426303
53,2.332416,6.5866574
53,1.7349033,6.5298105
53,1.1210617,6.382661
53,0.49705866,6.2330756
53,-0.089054738,6.0331059
53,-0.68061485,5.8758538
53,-1.3847484,5.7668544
53,-1.9461785,5.5560145
53,-2.6223832,5.3931279
53,-3.0943842,5.1248163
53,-3.5679204,4.9008802
53,-4.1623821,4.6772839
53,-4.7076025,4.4488154
54,11.103744,5.0118945
54,10.550147,4.8735507
54,10.030725,4.8118101
54,9.4202275,4.7113581
54,8.8401128,4.6077978
54,8.2962856,4.5836089
54,7.7441055,4.5590485
54,7.137783,4.493539
54,6.6139048,4.5087785
54,6.0801044,4.4817777
54,5.5384921,4.4543818
54,4.9915859,4.4696734
54,4.433937,4.4417853
54,3.9151925,4.4122123
54,3.3892751,4.3822303
54,2.8983129,4.2619488
54,2.397538,4.0953932
54,1.9428956,3.9704989
54,1.4254458,3.7544089
54,0.90054745,3.5352085
54,0.42709937,3.4042154
54,-0.052315152,3.2715715
54,-0.70490347,3.0453566
54,-1.1449387,2.9080395
54,-1.6445164,2.769423
54,-1.9978928,2.4855547
54,-2.3505613,2.2467557
54,-2.7758381,1.8606288
54,-3.1496091,1.4703446
54,-3.4086087,1.1263504
54,-3.7894118,0.72831823
54,-4.0000819,0.32996515
54,-4.2122285,-0.071179724
54,-4.4846055,-0.47706784
54,-4.7049656,-0.93441952
55,11.360354,4.6472601
55,10.847831,4.4652588
55,10.289061,4.321555
55,9.6858048,4.2979088
55,9.0739963,4.3146695
55,8.4516593,4.3317186
55,7.8228246,4.4320667
55,7.1811084,4.4922787
55,6.5699145,4.5100581
55,5.9063062,4.5719784
55,5.2712926,4.5478345
55,4.6744061,4.5651977
55,4.1036067,4.4071571
55,3.5266481,4.2905595
55,2.9374619,4.1277763
55,2.3814397,3.8718797
55,1.8233057,3.70218
55,1.3072722,3.5291356
55,0.73266654,3.3543037
55,0.15286708,3.222973
55,-0.3339698,3.0421394
55,-0.83109821,2.8120636
55,-1.2509557,2.2951748
55,-1.6134441,1.8671549
55,-1.8107334,1.4840084
55,-2.1496071,0.75921043
55,-2.4107155,0.31881091
55,-2.7347713,-0.17589013
55,-3.1805949,-0.72906799
55,-3.51253,-1.2351342
55,-3.7898755,-1.7437177
56,13.112355,5.3188654
56,12.512078,5.0356841
56,11.867734,4.904566
56,11.207457,4.6918658
56,10.577921,4.5932622
56,9.8981243,4.5343001
56,9.2438487,4.4322744
56,8.6246791,4.4502858
56,7.9990302,4.5513451
56,7.3583809,4.5707045
56,6.5770675,4.636531
56,5.8267198,4.744876
56,5.1396968,4.6377497
56,4.486072,4.5272474
56,3.8621156,4.325975
56,3.1881797,4.2548272
56,2.551041,4.1812475
56,1.9561383,4.15022
56,1.2406438,3.9849689
56,0.62516653,3.9518698
56,0.059599967,4.0093046
56,-0.51763663,4.0211987
56,-1.1070948,3.9865817
56,-1.6467868,3.9973963
56,-2.1427851,3.9599735
56,-2.6405527,3.9696658
56,-3.1354248,4.0751389
56,-3.8070518,4.1855278
56,-4.319943,4.2452244
56,-4.8292656,4.403018
56,-5.3541771,4.4647008
56,-5.8254842,4.525618
56,-6.3018196,4.587185
57,13.210913,6.1156478
57,12.547891,6.0755709
57,11.948439,6.0693765
57,11.48699,5.9379684
57,10.944466,5.8871596
57,10.43429,5.8732028
57,9.9165407,5.8590389
57,9.3929089,5.8848656
57,9.0706768,5.9816752
57,8.6196443,6.0451209
57,7.8575552,5.9194404
57,7.386754,5.9009719
57,6.9120775,5.9238527
57,6.4288714,5.9051721
57,5.9392321,5.8862427
57,5.4404384,5.8246223
57,4.8916248,5.8069712
57,4.2909515,5.8342432
57,3.725121,5.8163925
57,3.1987186,5.7961506
57,2.6290154,5.9538431
57,2.1335778,5.8877603
57,1.5283997,5.7805141
57,0.91695813,5.7165722
57,0.40240351,5.6927311
57,-0.39162055,5.5418797
57,-0.67409475,5.3221772
57,-1.2101436,5.2952054
57,-2.0256527,5.2774808
57,-2.5798754,5.2497523
57,-3.1416528,5.2216458
57,-3.6542939,5.1912434
57,-4.1733208,5.1604622
57,-4.8690667,5.1834483
58,13.178019,5.0862263
58,12.285299,4.966872
58,11.599668,4.8752049
58,11.016635,4.7775713
58,10.304437,4.6821456
58,9.6966943,4.5405006
58,8.788852,4.4045108
58,8.2838898,4.3363147
58,7.7267602,4.2266548
58,7.0760903,4.1593067
58,6.4994949,4.0463095
58,5.8685405,3.9324086
58,5.2263771,3.8164843
58,4.6164189,3.6541314
58,3.9930876,3.4450502
58,3.4637715,3.3640518
58,2.8626373,3.0591526
58,2.2575876,2.839218
58,1.642361,2.6155843
58,1.0096482,2.2962157
58,0.3693367,2.0176039
58,-0.17285895,1.7816841
58,-0.84195307,1.3993779
58,-1.4567021,1.1541267
58,-1.9158024,0.90769834
58,-2.4450455,0.56014146
58,-2.9775768,0.25641058
58,-3.4121746,-0.14695219
58,-3.8521717,-0.55532629
58,-4.3024327,-1.0188473
59,13.518914,5.5293675
59,13.081987,5.5116723
59,12.558547,5.3044598
59,11.991291,5.1730989
59,11.529097,5.0349708
59,11.09904,4.8934363
59,10.664861,4.7897878
59,10.231829,4.8449
59,9.8721912,4.857592
59,9.3869824,4.8747156
59,8.9814617,4.9705519
59,8.4862042,5.0296135
59,7.9778964,4.9657764
59,7.4599756,4.8594423
59,6.8057402,4.7977356
59,6.2259246,4.6897439
59,5.6365777,4.579977
59,4.9915859,4.4696734
59,4.3760798,4.2692097
59,3.7497838,4.0652318
59,3.1124117,3.8576466
59,2.4572503,3.5568094
59,1.8465075,3.3402052
59,1.2254528,3.1199438
59,0.5866004,2.8038085
59,-0.0074790009,2.5284329
59,-0.55808953,2.2486065
59,-1.1670043,2.0116197
59,-1.777531,1.8662336
59,-2.479137,1.4289937
59,-3.0153408,1.0833592
59,-3.6696645,0.77962535
59,-4.1115353,0.37675707
59,-4.5589337,-0.031150824
59,-5.0168918,-0.49448485
60,13.189012,5.4302502
60,13.035468,5.207146
60,12.516071,5.151628
60,11.989874,5.1341709
60,11.495284,5.1541288
60,10.953114,5.1364284
60,10.446879,5.2362872
60,9.8988408,5.4593613
60,9.3336189,5.484073
60,8.806608,5.6292217
60,8.3558773,5.7724595
60,7.8554192,5.8783809
60,7.3527687,6.068328
60,6.8848395,6.2168952
60,6.3257114,6.4137585
60,5.85301,6.6923029
60,5.3724426,6.9317906
60,4.9319748,7.1711527
60,4.4463343,7.5011298
60,3.9934458,7.7033156
60,3.4795315,7.7821689
60,2.9650127,7.9485429
60,2.4377013,8.0300286
60,1.9558226,8.152765
60,1.4682706,8.2769464
60,0.92110747,8.3621525
60,0.4283647,8.5781232
60,0.033100755,8.788361
60,-0.41384964,9.0494928
60,-0.74105754,9.5286644
60,-1.3621541,9.7195695
60,-1.7195006,9.9340873
60,-2.0507781,10.467668
60,-2.7489953,10.62785
61,13.621219,5.3346303
61,12.796059,5.7553939
61,12.236448,5.705914
61,11.702465,5.5758518
61,10.980112,5.8065812
61,10.266084,5.6426766
61,9.6703831,5.7507364
61,9.0610898,5.779765
61,8.4433868,5.8500391
61,7.8280515,6.167737
61,7.282568,6.3617515
61,6.9351519,6.3390595
61,6.347444,6.7892322
61,5.8134335,6.7788304
61,5.1672759,7.2833791
61,4.4352337,7.330913
61,3.6594646,7.6402498
61,3.1054181,7.8951149
61,2.5378192,8.0664747
61,2.0179531,8.3238884
61,1.4884819,8.5405152
61,1.0027033,8.755816
61,0.4677703,9.0663398
61,-0.077205898,9.3360334
61,-0.57292978,9.6491344
61,-1.0212931,9.9607199
61,-1.6337771,10.290582
61,-2.2045284,10.574183
61,-2.7149166,10.992384
61,-3.0649105,11.397107
61,-3.4259411,11.71307
61,-3.906133,11.998179
61,-4.3344918,12.2796
61,-4.8191567,12.616493
